Time Stamp,PIT-3401,PIT-3403
03/14/2024 15:14,129.8725891,1366.067017
03/14/2024 15:13,129.9603119,1368.100708
03/14/2024 15:12,130.0058289,1370.937622
03/14/2024 15:11,129.9961243,1373.2854
03/14/2024 15:10,129.9881592,1374.855591
03/14/2024 15:09,129.9701843,1375.939209
03/14/2024 15:08,129.9588013,1377.645996
03/14/2024 15:07,129.9183044,1378.505737
03/14/2024 15:06,130.0387115,1379.998779
03/14/2024 15:05,129.7774963,1381.932983
03/14/2024 15:04,130.0312347,1384.728027
03/14/2024 15:03,129.7430115,1387.911133
03/14/2024 15:02,129.8098907,1390.626587
03/14/2024 15:01,129.8069305,1393.688354
03/14/2024 15:00,129.9532623,1397.380005
03/14/2024 14:59,129.9939575,1402.364502
03/14/2024 14:58,129.7423859,1406.089966
03/14/2024 14:57,129.7890472,1408.993652
03/14/2024 14:56,129.8111267,1412.754272
03/14/2024 14:55,129.9602814,1416.750122
03/14/2024 14:54,130.0738831,1419.299805
03/14/2024 14:53,129.9420319,1421.758789
03/14/2024 14:52,129.9022522,1424.006592
03/14/2024 14:51,130.0200195,1426.018555
03/14/2024 14:50,129.7728577,1426.557861
03/14/2024 14:49,129.8441162,1427.614136
03/14/2024 14:48,130.227066,1427.463745
03/14/2024 14:47,130.9852448,1428.873291
03/14/2024 14:46,130.5500793,1431.554565
03/14/2024 14:45,130.0183563,1428.896851
03/14/2024 14:44,129.9998016,1429.653809
03/14/2024 14:43,131.8438873,1431.863525
03/14/2024 14:42,129.9380035,1430.560669
03/14/2024 14:41,130.1462708,1431.650879
03/14/2024 14:40,130.144104,1431.024414
03/14/2024 14:39,130.005661,1428.134277
03/14/2024 14:38,130.0258331,1426.802979
03/14/2024 14:37,130.1950531,1428.253662
03/14/2024 14:36,130.0326843,1429.278076
03/14/2024 14:35,129.8519592,1428.000122
03/14/2024 14:34,130.9818726,1428.150146
03/14/2024 14:33,130.0797729,1430.297119
03/14/2024 14:32,129.9243164,1430.642944
03/14/2024 14:31,129.9325104,1430.493042
03/14/2024 14:30,129.8742523,1430.536621
03/14/2024 14:29,129.9289398,1430.704102
03/14/2024 14:28,129.9969482,1430.983398
03/14/2024 14:27,129.9346161,1431.731934
03/14/2024 14:26,130.0591736,1431.16626
03/14/2024 14:25,129.858017,1430.993164
03/14/2024 14:24,129.9984741,1431.571655
03/14/2024 14:23,129.941803,1432.369995
03/14/2024 14:22,129.9393005,1432.57019
03/14/2024 14:21,130.1668396,1432.450195
03/14/2024 14:20,129.9405975,1432.298584
03/14/2024 14:19,130.0291901,1432.088501
03/14/2024 14:18,130.2254333,1432.480835
03/14/2024 14:17,129.8648682,1432.258911
03/14/2024 14:16,129.9358063,1432.25061
03/14/2024 14:15,129.9256134,1432.020386
03/14/2024 14:14,130.1043091,1432.633057
03/14/2024 14:13,129.9580536,1432.655762
03/14/2024 14:12,129.994278,1432.846924
03/14/2024 14:11,129.8941345,1432.962524
03/14/2024 14:10,130.030899,1434.020264
03/14/2024 14:09,129.1080017,1435.168091
03/14/2024 14:06,147.7165222,1437.946289
03/14/2024 14:05,151.0975342,1442.967285
03/14/2024 14:04,150.0772552,1467.611328
03/14/2024 14:03,149.8548126,1434.480591
03/14/2024 14:02,149.9171295,1434.177734
03/14/2024 14:01,150.0302734,1434.247681
03/14/2024 14:00,150.0139923,1434.654663
03/14/2024 13:59,149.5652618,1435.359375
03/14/2024 13:58,149.5745239,1435.240723
03/14/2024 13:57,163.0443573,1447.857666
03/14/2024 13:56,176.256012,1455.01001
03/14/2024 13:55,196.7724304,1477.866455
03/14/2024 13:54,229.7205505,1496.217285
03/14/2024 13:53,18.50284576,1535.117676
03/14/2024 13:52,18.63192368,1299.282837
03/14/2024 13:51,18.80469894,1299.318604
03/14/2024 13:50,18.77018929,1299.284668
03/14/2024 13:49,18.7722683,1299.283081
03/14/2024 13:48,18.63705826,1299.269897
03/14/2024 13:47,18.68581009,1299.213257
03/14/2024 13:46,18.77149391,1299.271362
03/14/2024 13:45,18.90329552,1299.240356
03/14/2024 13:44,19.04137611,1299.245728
03/14/2024 13:43,19.10598946,1299.28186
03/14/2024 13:42,19.26500511,1299.283569
03/14/2024 13:41,19.40388298,1299.279053
03/14/2024 13:40,19.45973015,1299.2771
03/14/2024 13:39,19.76795197,1299.277466
03/14/2024 13:38,19.66595268,1299.26416
03/14/2024 13:37,19.76122856,1299.268188
03/14/2024 13:36,20.10352325,1299.277344
03/14/2024 13:35,20.03730202,1299.264893
03/14/2024 13:34,19.89975548,1299.315796
03/14/2024 13:33,20.12352371,1299.30603
03/14/2024 13:32,20.39235878,1299.320435
03/14/2024 13:31,20.52600479,1299.316284
03/14/2024 13:30,20.48546791,1299.305786
03/14/2024 13:29,20.49384499,1299.322998
03/14/2024 13:28,20.21508598,1299.356812
03/14/2024 13:27,19.61220551,1299.313965
03/14/2024 13:26,19.11580276,1299.295776
03/14/2024 13:25,18.7578392,1299.283569
03/14/2024 13:24,18.60735321,1299.286255
03/14/2024 13:23,18.61031532,1299.293823
03/14/2024 13:22,18.47403145,1299.280029
03/14/2024 13:21,18.38147354,1299.270264
03/14/2024 13:20,18.47575188,1299.279785
03/14/2024 13:19,18.38385201,1299.289673
03/14/2024 13:18,18.24588394,1299.306763
03/14/2024 13:17,18.38225365,1299.288818
03/14/2024 13:16,18.24289322,1299.315918
03/14/2024 13:15,18.24650192,1299.326904
03/14/2024 13:14,18.10674858,1299.281372
03/14/2024 13:13,18.10584259,1299.326782
03/14/2024 13:12,18.10504341,1299.290894
03/14/2024 13:11,18.00163651,1299.309448
03/14/2024 13:10,17.97553253,1299.302856
03/14/2024 13:09,17.76098824,1299.27832
03/14/2024 13:08,17.74002266,1299.274414
03/14/2024 13:07,17.76850319,1299.28479
03/14/2024 13:06,17.79067421,1299.289673
03/14/2024 13:05,17.74577141,1299.317017
03/14/2024 13:04,17.74470711,1299.271484
03/14/2024 13:03,17.74260521,1299.31311
03/14/2024 13:02,17.74447632,1299.292358
03/14/2024 13:01,17.88093758,1299.290527
03/14/2024 13:00,17.8840065,1299.275513
03/14/2024 12:59,17.88784027,1299.28064
03/14/2024 12:58,17.8779583,1299.280029
03/14/2024 12:57,17.88134766,1299.269043
03/14/2024 12:56,17.88079262,1299.287354
03/14/2024 12:55,17.88460159,1299.32251
03/14/2024 12:54,17.88530159,1299.282227
03/14/2024 12:53,17.88220787,1299.314331
03/14/2024 12:52,17.88216019,1299.271729
03/14/2024 12:51,17.8570652,1299.280273
03/14/2024 12:50,17.88693237,1299.273315
03/14/2024 12:49,17.97809601,1299.314453
03/14/2024 12:48,17.87995529,1299.309082
03/14/2024 12:47,17.97559166,1299.320557
03/14/2024 12:46,17.97365189,1299.321167
03/14/2024 12:45,18.01137161,1299.308472
03/14/2024 12:44,18.11333275,1299.317993
03/14/2024 12:43,18.24662971,1299.310791
03/14/2024 12:42,18.38121986,1299.289063
03/14/2024 12:41,18.38644981,1299.310913
03/14/2024 12:40,18.58126831,1299.326904
03/14/2024 12:39,18.61221886,1299.354126
03/14/2024 12:38,18.75371933,1299.37439
03/14/2024 12:37,18.78283501,1299.364624
03/14/2024 12:36,18.88532829,1299.353271
03/14/2024 12:35,18.88329315,1299.361328
03/14/2024 12:34,18.88640976,1299.362061
03/14/2024 12:33,18.882658,1299.382813
03/14/2024 12:32,18.61002731,1299.366333
03/14/2024 12:31,18.54527283,1299.393311
03/14/2024 12:30,18.60783958,1299.363892
03/14/2024 12:29,18.60275459,1299.400024
03/14/2024 12:28,18.6062603,1299.369385
03/14/2024 12:27,18.59847641,1299.403931
03/14/2024 12:26,18.47038841,1299.396484
03/14/2024 12:25,18.10763741,1299.368042
03/14/2024 12:24,17.87150764,1299.401978
03/14/2024 12:23,17.74053574,1299.355957
03/14/2024 12:22,17.74265289,1299.398193
03/14/2024 12:21,17.60735703,1299.360718
03/14/2024 12:20,17.73317719,1299.357788
03/14/2024 12:19,17.74028969,1299.365845
03/14/2024 12:18,17.62967873,1299.36084
03/14/2024 12:17,17.7495327,1299.353149
03/14/2024 12:16,17.74074745,1299.351318
03/14/2024 12:15,17.8830452,1299.364136
03/14/2024 12:14,17.88024521,1299.361328
03/14/2024 12:13,17.90332413,1299.390625
03/14/2024 12:12,18.07674408,1299.378784
03/14/2024 12:11,18.11260223,1299.397705
03/14/2024 12:10,18.11235237,1299.397827
03/14/2024 12:09,18.10470963,1299.40625
03/14/2024 12:08,18.24997711,1299.401245
03/14/2024 12:07,18.24895287,1299.34375
03/14/2024 12:06,18.37879372,1299.36145
03/14/2024 12:05,18.38789368,1299.397705
03/14/2024 12:04,18.38558769,1299.403076
03/14/2024 12:03,18.38887405,1299.398193
03/14/2024 12:02,18.25111389,1299.389038
03/14/2024 12:01,18.28484535,1299.363159
03/14/2024 12:00,18.27139854,1299.39978
03/14/2024 11:59,18.38541985,1299.351196
03/14/2024 11:58,18.47429085,1299.409302
03/14/2024 11:57,18.3851223,1299.399292
03/14/2024 11:56,18.38839531,1299.345703
03/14/2024 11:55,18.250597,1299.344849
03/14/2024 11:54,18.25597572,1299.36731
03/14/2024 11:53,18.11799049,1299.345093
03/14/2024 11:52,18.25264549,1299.365845
03/14/2024 11:51,18.38953972,1299.357056
03/14/2024 11:50,18.38986969,1299.359009
03/14/2024 11:49,18.4795742,1299.393555
03/14/2024 11:48,18.48498535,1299.364258
03/14/2024 11:47,18.48347282,1299.357056
03/14/2024 11:46,18.61911964,1299.405396
03/14/2024 11:45,18.62658691,1299.377808
03/14/2024 11:44,18.7549305,1299.396851
03/14/2024 11:43,18.75545502,1299.400146
03/14/2024 11:42,18.72030449,1299.399048
03/14/2024 11:41,18.7583065,1299.402954
03/14/2024 11:40,18.89060402,1299.377563
03/14/2024 11:39,18.89881134,1299.376953
03/14/2024 11:38,19.02884102,1299.393677
03/14/2024 11:37,19.2452774,1299.383545
03/14/2024 11:36,19.2565403,1299.411011
03/14/2024 11:35,19.46580124,1299.418701
03/14/2024 11:34,19.62067032,1299.451904
03/14/2024 11:33,19.85327721,1299.406616
03/14/2024 11:32,20.02265739,1299.391357
03/14/2024 11:31,20.2410183,1299.394287
03/14/2024 11:30,20.38833427,1299.441895
03/14/2024 11:29,20.52672005,1299.432861
03/14/2024 11:28,20.75739861,1299.47937
03/14/2024 11:27,20.75296783,1299.481812
03/14/2024 11:26,21.16498375,1299.470093
03/14/2024 11:25,21.1862545,1299.473877
03/14/2024 11:24,21.24827957,1299.448364
03/14/2024 11:23,21.25436401,1299.478149
03/14/2024 11:22,20.68861198,1299.45874
03/14/2024 11:21,20.52385902,1299.474487
03/14/2024 11:20,20.61883926,1299.460205
03/14/2024 11:19,20.70242119,1299.477051
03/14/2024 11:18,21.01669121,1299.556885
03/14/2024 11:17,21.01498222,1299.4823
03/14/2024 11:16,21.15475082,1299.510864
03/14/2024 11:15,21.02660561,1299.521851
03/14/2024 11:14,20.74248695,1299.501831
03/14/2024 11:13,20.60719299,1299.509155
03/14/2024 11:12,20.51766777,1299.516968
03/14/2024 11:11,20.49239159,1299.4823
03/14/2024 11:10,20.24149895,1299.526123
03/14/2024 11:09,20.24407196,1299.513184
03/14/2024 11:08,20.22433853,1299.518433
03/14/2024 11:07,20.26813507,1299.508057
03/14/2024 11:06,20.36569786,1299.550659
03/14/2024 11:05,20.36894226,1299.556396
03/14/2024 11:04,20.37601852,1299.525024
03/14/2024 11:03,20.51339149,1299.520752
03/14/2024 11:02,20.60789871,1299.554443
03/14/2024 11:01,20.73398209,1299.52063
03/14/2024 11:00,20.73037338,1299.517456
03/14/2024 10:59,20.72737694,1299.564331
03/14/2024 10:58,20.7330265,1299.559082
03/14/2024 10:57,20.73906326,1299.509033
03/14/2024 10:56,20.9352951,1299.556763
03/14/2024 10:55,20.7270565,1299.538086
03/14/2024 10:54,20.73264885,1299.555664
03/14/2024 10:53,20.73489761,1299.522583
03/14/2024 10:52,20.59388924,1299.52417
03/14/2024 10:51,20.59965134,1299.511353
03/14/2024 10:50,20.50409126,1299.517578
03/14/2024 10:49,20.36685181,1299.477173
03/14/2024 10:48,20.36898994,1299.508545
03/14/2024 10:47,20.326334,1299.453857
03/14/2024 10:46,20.24228859,1299.388306
03/14/2024 10:45,20.22272873,1299.438354
03/14/2024 10:44,20.09523201,1299.372803
03/14/2024 10:43,20.21272659,1299.361572
03/14/2024 10:42,19.99895859,1299.346436
03/14/2024 10:41,20.00380135,1299.317017
03/14/2024 10:40,19.8787384,1299.306763
03/14/2024 10:39,20.00124359,1299.259766
03/14/2024 10:38,20.00206375,1299.239258
03/14/2024 10:37,19.99328804,1299.23645
03/14/2024 10:36,19.86401939,1299.179932
03/14/2024 10:35,19.85357094,1299.153809
03/14/2024 10:34,19.72287941,1299.158447
03/14/2024 10:33,19.72025681,1299.142944
03/14/2024 10:32,19.71993256,1299.10083
03/14/2024 10:31,19.5947113,1299.060425
03/14/2024 10:30,19.72294044,1299.061401
03/14/2024 10:29,19.72083092,1299.012573
03/14/2024 10:28,19.72123337,1298.980957
03/14/2024 10:27,19.71430588,1298.943359
03/14/2024 10:26,19.71207428,1298.891602
03/14/2024 10:25,19.71530151,1298.869263
03/14/2024 10:24,19.73177719,1298.859009
03/14/2024 10:23,19.71293068,1298.807373
03/14/2024 10:22,19.71387291,1298.754517
03/14/2024 10:21,19.71545982,1298.684692
03/14/2024 10:20,19.66977119,1298.648438
03/14/2024 10:19,19.57796288,1298.544434
03/14/2024 10:18,19.71132278,1298.556885
03/14/2024 10:17,19.57434654,1298.51001
03/14/2024 10:16,19.48061752,1298.504395
03/14/2024 10:15,19.33861923,1298.397827
03/14/2024 10:14,19.20875931,1298.361572
03/14/2024 10:13,18.71338081,1298.316895
03/14/2024 10:12,17.56746674,1298.281738
03/14/2024 10:11,16.856287,1298.270264
03/14/2024 10:10,16.85453606,1298.24585
03/14/2024 10:09,16.71741676,1298.193359
03/14/2024 10:08,16.85432243,1298.183228
03/14/2024 10:07,16.71397591,1298.151367
03/14/2024 10:06,16.90407753,1298.112549
03/14/2024 10:05,16.93954659,1298.104858
03/14/2024 10:04,16.8879509,1298.077148
03/14/2024 10:03,16.90075111,1298.066895
03/14/2024 10:02,16.87066841,1298.065308
03/14/2024 10:01,16.85100365,1298.033569
03/14/2024 10:00,16.71133232,1298.035278
03/14/2024 9:59,16.85386467,1297.974854
03/14/2024 9:58,16.84282875,1297.967285
03/14/2024 9:57,16.84806633,1297.956909
03/14/2024 9:56,16.84663773,1297.946411
03/14/2024 9:55,16.846241,1297.915771
03/14/2024 9:54,16.85121918,1297.899658
03/14/2024 9:53,16.84634018,1297.901978
03/14/2024 9:52,16.85463142,1297.862183
03/14/2024 9:51,16.84524918,1297.873291
03/14/2024 9:50,16.85373878,1297.838379
03/14/2024 9:49,16.85276222,1297.817993
03/14/2024 9:48,16.85042381,1297.775024
03/14/2024 9:47,16.85129929,1297.787598
03/14/2024 9:46,16.84366226,1297.789185
03/14/2024 9:45,16.93404579,1297.772339
03/14/2024 9:44,16.84067154,1297.746094
03/14/2024 9:43,16.71092415,1297.748169
03/14/2024 9:42,16.88392639,1297.705078
03/14/2024 9:41,16.88809395,1297.703003
03/14/2024 9:40,16.88261986,1297.658081
03/14/2024 9:39,16.89355278,1297.612183
03/14/2024 9:38,16.89198875,1297.618896
03/14/2024 9:37,16.89103889,1297.604614
03/14/2024 9:36,16.74785995,1297.585449
03/14/2024 9:35,16.88759995,1297.582886
03/14/2024 9:34,16.88537407,1297.538696
03/14/2024 9:33,16.88464737,1297.533936
03/14/2024 9:32,16.88262177,1297.497559
03/14/2024 9:31,16.88451576,1297.480469
03/14/2024 9:30,16.88326454,1297.482422
03/14/2024 9:29,16.79698372,1297.446533
03/14/2024 9:28,16.75139618,1297.451172
03/14/2024 9:27,16.88902473,1297.408936
03/14/2024 9:26,16.88128853,1297.401855
03/14/2024 9:25,16.87938499,1297.368286
03/14/2024 9:24,16.88488388,1297.366821
03/14/2024 9:23,16.8842907,1297.320557
03/14/2024 9:22,16.88435555,1297.331543
03/14/2024 9:21,16.81297112,1297.291504
03/14/2024 9:20,16.74655342,1297.303345
03/14/2024 9:19,16.86015129,1297.237549
03/14/2024 9:18,16.7501545,1297.207275
03/14/2024 9:17,16.88396072,1297.203979
03/14/2024 9:16,16.85890579,1297.172485
03/14/2024 9:15,16.78403473,1297.156982
03/14/2024 9:14,16.85601807,1297.123291
03/14/2024 9:13,16.88438416,1297.09314
03/14/2024 9:12,16.74608803,1297.045898
03/14/2024 9:11,16.74720192,1297.03479
03/14/2024 9:10,16.74985695,1296.996826
03/14/2024 9:09,16.8876667,1296.930298
03/14/2024 9:08,16.81188202,1296.903198
03/14/2024 9:07,16.74673653,1296.871704
03/14/2024 9:06,16.74921989,1296.811401
03/14/2024 9:05,16.74827576,1296.774414
03/14/2024 9:04,16.7524128,1296.702393
03/14/2024 9:03,16.7716713,1296.654297
03/14/2024 9:02,16.80875206,1296.631226
03/14/2024 9:01,16.88298416,1296.576538
03/14/2024 9:00,16.8119812,1296.551392
03/14/2024 8:59,16.74876976,1296.503052
03/14/2024 8:58,16.74494934,1296.419067
03/14/2024 8:57,16.8788929,1296.408081
03/14/2024 8:56,16.77394867,1296.334961
03/14/2024 8:55,16.73969841,1296.2854
03/14/2024 8:54,16.86005211,1296.262817
03/14/2024 8:53,16.7495327,1296.210571
03/14/2024 8:52,16.74754524,1296.154297
03/14/2024 8:51,16.74218178,1296.09314
03/14/2024 8:50,16.88037682,1296.028564
03/14/2024 8:49,16.84372139,1295.974609
03/14/2024 8:48,16.75665665,1295.891602
03/14/2024 8:47,16.74030495,1295.789551
03/14/2024 8:46,16.7449894,1295.740479
03/14/2024 8:45,16.74181557,1295.68042
03/14/2024 8:44,16.74439049,1295.598267
03/14/2024 8:43,16.77455521,1295.526489
03/14/2024 8:42,16.746315,1295.476318
03/14/2024 8:41,16.74593353,1295.391235
03/14/2024 8:40,16.88324547,1295.344971
03/14/2024 8:39,16.8810997,1295.266235
03/14/2024 8:38,16.9640255,1295.21814
03/14/2024 8:37,16.87525368,1295.138306
03/14/2024 8:36,16.87700844,1295.101074
03/14/2024 8:35,16.87519836,1295.056885
03/14/2024 8:34,16.87586212,1294.954712
03/14/2024 8:33,16.87685966,1294.94104
03/14/2024 8:32,16.91977882,1294.894775
03/14/2024 8:31,16.96495056,1294.851807
03/14/2024 8:30,16.87619781,1294.811157
03/14/2024 8:29,16.87105179,1294.774292
03/14/2024 8:28,16.87819481,1294.732544
03/14/2024 8:27,16.87290192,1294.721802
03/14/2024 8:26,16.80677605,1294.684448
03/14/2024 8:25,16.87634659,1294.650391
03/14/2024 8:24,16.88824844,1294.625244
03/14/2024 8:23,16.96258354,1294.61499
03/14/2024 8:22,16.87667084,1294.574951
03/14/2024 8:21,16.76283073,1294.568726
03/14/2024 8:20,16.87130928,1294.5177
03/14/2024 8:19,16.86895752,1294.522705
03/14/2024 8:18,16.87460709,1294.4729
03/14/2024 8:17,16.872612,1294.47168
03/14/2024 8:16,16.87083244,1294.449097
03/14/2024 8:15,16.87490273,1294.407104
03/14/2024 8:14,16.87181854,1294.402344
03/14/2024 8:13,16.87647629,1294.413696
03/14/2024 8:12,16.86796951,1294.364868
03/14/2024 8:11,16.87474251,1294.366211
03/14/2024 8:10,16.87340355,1294.31189
03/14/2024 8:09,16.87438583,1294.314575
03/14/2024 8:08,16.73058319,1294.280884
03/14/2024 8:07,16.87011528,1294.275513
03/14/2024 8:06,16.87022018,1294.225952
03/14/2024 8:05,16.91085625,1294.226196
03/14/2024 8:04,16.95911789,1294.206787
03/14/2024 8:03,16.96155739,1294.193848
03/14/2024 8:02,16.78455544,1294.150513
03/14/2024 8:01,16.87016678,1294.128906
03/14/2024 8:00,16.87332726,1294.096802
03/14/2024 7:59,16.87052917,1294.064941
03/14/2024 7:58,16.87277985,1294.069824
03/14/2024 7:57,16.87764931,1294.020264
03/14/2024 7:56,16.87481499,1293.990356
03/14/2024 7:55,16.87449646,1293.992432
03/14/2024 7:54,16.87248039,1293.957031
03/14/2024 7:53,16.89395142,1293.906006
03/14/2024 7:52,16.91333008,1293.865356
03/14/2024 7:51,16.9611702,1293.823242
03/14/2024 7:50,16.96555519,1293.828247
03/14/2024 7:49,16.87257385,1293.769409
03/14/2024 7:48,16.96597672,1293.738647
03/14/2024 7:47,16.87347221,1293.706665
03/14/2024 7:46,16.8692112,1293.651489
03/14/2024 7:45,16.87112999,1293.604248
03/14/2024 7:44,16.86829948,1293.589478
03/14/2024 7:43,16.87744141,1293.582275
03/14/2024 7:42,16.86920357,1293.527954
03/14/2024 7:41,16.86881256,1293.494629
03/14/2024 7:40,16.87164116,1293.464478
03/14/2024 7:39,16.87215042,1293.427734
03/14/2024 7:38,16.87080765,1293.368408
03/14/2024 7:37,16.95981979,1293.342651
03/14/2024 7:36,16.96339226,1293.321533
03/14/2024 7:35,16.86661339,1293.294556
03/14/2024 7:34,16.936903,1293.24231
03/14/2024 7:33,16.87846565,1293.207886
03/14/2024 7:32,16.87796211,1293.201538
03/14/2024 7:31,16.87088776,1293.170898
03/14/2024 7:30,16.87379837,1293.115601
03/14/2024 7:29,16.93968391,1293.122314
03/14/2024 7:28,16.87539291,1293.098633
03/14/2024 7:27,16.8679657,1293.043091
03/14/2024 7:26,16.87420273,1293.052734
03/14/2024 7:25,16.86801338,1292.997681
03/14/2024 7:24,16.8694458,1293.008545
03/14/2024 7:23,16.87143707,1292.960938
03/14/2024 7:22,16.87104988,1292.943848
03/14/2024 7:21,16.77288818,1292.912842
03/14/2024 7:20,16.95897865,1292.878784
03/14/2024 7:19,16.87235069,1292.872803
03/14/2024 7:18,16.87259674,1292.835205
03/14/2024 7:17,16.86800385,1292.843872
03/14/2024 7:16,16.8733139,1292.793701
03/14/2024 7:15,16.86914444,1292.799438
03/14/2024 7:14,16.87550163,1292.768188
03/14/2024 7:13,16.86887932,1292.759521
03/14/2024 7:12,16.87228775,1292.757813
03/14/2024 7:11,16.86535645,1292.73291
03/14/2024 7:10,16.8711586,1292.719971
03/14/2024 7:09,16.87290001,1292.685181
03/14/2024 7:08,16.87195015,1292.68689
03/14/2024 7:07,16.86161423,1292.685059
03/14/2024 7:06,16.86616135,1292.6427
03/14/2024 7:05,16.95781708,1292.639404
03/14/2024 7:04,16.90150452,1292.637085
03/14/2024 7:03,16.87147331,1292.612549
03/14/2024 7:02,16.86683083,1292.61792
03/14/2024 7:01,16.87310791,1292.600464
03/14/2024 7:00,16.86347961,1292.590454
03/14/2024 6:59,16.87121391,1292.596191
03/14/2024 6:58,16.87174225,1292.583984
03/14/2024 6:57,16.87235069,1292.55127
03/14/2024 6:56,16.86831856,1292.562256
03/14/2024 6:55,16.8637352,1292.555176
03/14/2024 6:54,16.86802864,1292.55835
03/14/2024 6:53,16.95658112,1292.528442
03/14/2024 6:52,16.86296082,1292.503906
03/14/2024 6:51,16.86340332,1292.5
03/14/2024 6:50,16.86407852,1292.510864
03/14/2024 6:49,16.86642838,1292.502075
03/14/2024 6:48,16.73178101,1292.466919
03/14/2024 6:47,16.86354828,1292.496094
03/14/2024 6:46,16.91628265,1292.514038
03/14/2024 6:45,16.93338394,1292.466553
03/14/2024 6:44,16.86672211,1292.483765
03/14/2024 6:43,16.8680954,1292.477539
03/14/2024 6:42,16.86642265,1292.482056
03/14/2024 6:41,16.86628914,1292.472412
03/14/2024 6:40,16.83363152,1292.462891
03/14/2024 6:39,16.86450195,1292.476807
03/14/2024 6:38,16.86206245,1292.470825
03/14/2024 6:37,16.86642075,1292.475342
03/14/2024 6:36,16.86481476,1292.475464
03/14/2024 6:35,16.72929955,1292.506226
03/14/2024 6:34,16.72455025,1292.507568
03/14/2024 6:33,16.83481598,1292.464111
03/14/2024 6:32,16.73230743,1292.492676
03/14/2024 6:31,16.86421204,1292.508057
03/14/2024 6:30,16.86550903,1292.518677
03/14/2024 6:29,16.86436653,1292.507324
03/14/2024 6:28,16.86836433,1292.515625
03/14/2024 6:27,16.86849594,1292.515137
03/14/2024 6:26,16.86671638,1292.553101
03/14/2024 6:25,16.8689518,1292.55127
03/14/2024 6:24,16.8631115,1292.553711
03/14/2024 6:23,16.87016869,1292.556396
03/14/2024 6:22,16.87098122,1292.550415
03/14/2024 6:21,16.86417961,1292.574097
03/14/2024 6:20,16.86784744,1292.599487
03/14/2024 6:19,16.86346626,1292.599365
03/14/2024 6:18,16.86218834,1292.601807
03/14/2024 6:17,16.86128235,1292.596558
03/14/2024 6:16,16.86609459,1292.591431
03/14/2024 6:15,16.87767601,1292.599976
03/14/2024 6:14,16.91579819,1292.621216
03/14/2024 6:13,16.88737297,1292.636719
03/14/2024 6:12,16.89377403,1292.640991
03/14/2024 6:11,16.95479393,1292.635986
03/14/2024 6:10,16.86454964,1292.666138
03/14/2024 6:09,16.8626709,1292.66626
03/14/2024 6:08,16.86641502,1292.653198
03/14/2024 6:07,16.86853409,1292.677856
03/14/2024 6:06,16.86514282,1292.682129
03/14/2024 6:05,16.86464882,1292.686035
03/14/2024 6:04,16.86285019,1292.681274
03/14/2024 6:03,16.95730209,1292.723755
03/14/2024 6:02,16.95365906,1292.708984
03/14/2024 6:01,16.95772934,1292.730713
03/14/2024 6:00,16.9575386,1292.762451
03/14/2024 5:59,16.93371964,1292.756348
03/14/2024 5:58,16.95148849,1292.765137
03/14/2024 5:57,16.95537567,1292.78064
03/14/2024 5:56,16.93779755,1292.795166
03/14/2024 5:55,16.96062088,1292.807739
03/14/2024 5:54,16.95436668,1292.803833
03/14/2024 5:53,16.95684052,1292.79541
03/14/2024 5:52,16.96233559,1292.842773
03/14/2024 5:51,16.96424866,1292.833984
03/14/2024 5:50,16.96360779,1292.841309
03/14/2024 5:49,16.8948555,1292.852173
03/14/2024 5:48,16.86969948,1292.830566
03/14/2024 5:47,16.86837578,1292.841797
03/14/2024 5:46,16.86989403,1292.846191
03/14/2024 5:45,16.86941147,1292.87439
03/14/2024 5:44,16.87295341,1292.87854
03/14/2024 5:43,16.86212349,1292.892456
03/14/2024 5:42,16.86254883,1292.864502
03/14/2024 5:41,16.88763428,1292.920044
03/14/2024 5:40,16.86740875,1292.934814
03/14/2024 5:39,16.86412811,1292.951294
03/14/2024 5:38,16.85896111,1292.967773
03/14/2024 5:37,16.86519814,1292.965454
03/14/2024 5:36,16.87337303,1292.995117
03/14/2024 5:35,16.88396072,1292.994507
03/14/2024 5:34,16.86679649,1293.026123
03/14/2024 5:33,16.86324692,1293.032715
03/14/2024 5:32,16.85881042,1293.079468
03/14/2024 5:31,16.8633213,1293.0896
03/14/2024 5:30,16.94001198,1293.085205
03/14/2024 5:29,16.8671608,1293.147095
03/14/2024 5:28,16.86018753,1293.135864
03/14/2024 5:27,16.86730766,1293.179321
03/14/2024 5:26,16.86187935,1293.168579
03/14/2024 5:25,16.86881828,1293.213257
03/14/2024 5:24,16.86654091,1293.206299
03/14/2024 5:23,16.86356735,1293.259521
03/14/2024 5:22,16.95251083,1293.26001
03/14/2024 5:21,16.94921684,1293.289063
03/14/2024 5:20,16.96428299,1293.29834
03/14/2024 5:19,16.92832565,1293.329712
03/14/2024 5:18,16.93664932,1293.338501
03/14/2024 5:17,16.93900299,1293.3479
03/14/2024 5:16,16.95661926,1293.371582
03/14/2024 5:15,16.95392609,1293.390503
03/14/2024 5:14,16.96058846,1293.417725
03/14/2024 5:13,16.95623779,1293.446411
03/14/2024 5:12,16.9657917,1293.459473
03/14/2024 5:11,16.86718941,1293.486938
03/14/2024 5:10,16.87748528,1293.508057
03/14/2024 5:09,16.91698456,1293.52002
03/14/2024 5:08,16.9591713,1293.527588
03/14/2024 5:07,16.96042824,1293.57373
03/14/2024 5:06,16.9629097,1293.57373
03/14/2024 5:05,16.95838165,1293.619995
03/14/2024 5:04,16.95795059,1293.623169
03/14/2024 5:03,16.95409203,1293.666992
03/14/2024 5:02,16.96216965,1293.651978
03/14/2024 5:01,16.87612534,1293.69165
03/14/2024 5:00,16.89907837,1293.720215
03/14/2024 4:59,16.86842918,1293.749023
03/14/2024 4:58,16.89294624,1293.781738
03/14/2024 4:57,16.95570183,1293.78418
03/14/2024 4:56,16.92014313,1293.77832
03/14/2024 4:55,16.86659622,1293.840576
03/14/2024 4:54,16.95879173,1293.86145
03/14/2024 4:53,16.96481323,1293.866455
03/14/2024 4:52,16.95868111,1293.915405
03/14/2024 4:51,16.95077515,1293.913696
03/14/2024 4:50,16.9547081,1293.940063
03/14/2024 4:49,16.95797539,1293.994751
03/14/2024 4:48,16.96181297,1293.983887
03/14/2024 4:47,16.95614433,1294.032959
03/14/2024 4:46,16.95487976,1294.02124
03/14/2024 4:45,16.96344948,1294.063232
03/14/2024 4:44,16.96281433,1294.079712
03/14/2024 4:43,16.96652412,1294.111572
03/14/2024 4:42,16.95189476,1294.113037
03/14/2024 4:41,16.954422,1294.161011
03/14/2024 4:40,16.9607296,1294.15332
03/14/2024 4:39,16.95607948,1294.190918
03/14/2024 4:38,17.09252167,1294.228394
03/14/2024 4:37,16.95284462,1294.234863
03/14/2024 4:36,16.96441269,1294.294312
03/14/2024 4:35,16.96431351,1294.277222
03/14/2024 4:34,16.95898628,1294.307129
03/14/2024 4:33,16.96879387,1294.337646
03/14/2024 4:32,16.9585228,1294.355469
03/14/2024 4:31,16.96133995,1294.380859
03/14/2024 4:30,16.96454239,1294.403687
03/14/2024 4:29,16.96632767,1294.446777
03/14/2024 4:28,16.9651165,1294.442749
03/14/2024 4:27,16.87237167,1294.491943
03/14/2024 4:26,16.95064354,1294.525635
03/14/2024 4:25,16.96352005,1294.530029
03/14/2024 4:24,16.95975494,1294.567139
03/14/2024 4:23,16.95641518,1294.5625
03/14/2024 4:22,16.96512032,1294.612793
03/14/2024 4:21,16.97116661,1294.640137
03/14/2024 4:20,16.96986771,1294.651855
03/14/2024 4:19,16.95421982,1294.676392
03/14/2024 4:18,16.96247673,1294.68457
03/14/2024 4:17,17.01095009,1294.737549
03/14/2024 4:16,16.97784233,1294.733398
03/14/2024 4:15,17.09921646,1294.764404
03/14/2024 4:14,16.9590416,1294.774292
03/14/2024 4:13,16.96090126,1294.816284
03/14/2024 4:12,16.96131897,1294.85022
03/14/2024 4:11,16.96223068,1294.856689
03/14/2024 4:10,16.9638443,1294.888672
03/14/2024 4:09,16.97490311,1294.880859
03/14/2024 4:08,16.95710182,1294.934082
03/14/2024 4:07,16.94428444,1294.938721
03/14/2024 4:06,17.10369492,1294.972046
03/14/2024 4:05,17.07842445,1294.977783
03/14/2024 4:04,17.09775543,1295.01416
03/14/2024 4:03,17.10690689,1295.0271
03/14/2024 4:02,17.09930038,1295.068359
03/14/2024 4:01,16.972332,1295.04834
03/14/2024 4:00,16.96058655,1295.0979
03/14/2024 3:59,16.95676041,1295.108521
03/14/2024 3:58,16.96090317,1295.139404
03/14/2024 3:57,16.96517944,1295.135254
03/14/2024 3:56,16.95867157,1295.16687
03/14/2024 3:55,16.96184349,1295.184448
03/14/2024 3:54,16.96995544,1295.216675
03/14/2024 3:53,16.96982574,1295.225342
03/14/2024 3:52,17.02869225,1295.216431
03/14/2024 3:51,16.9655323,1295.265503
03/14/2024 3:50,16.96463394,1295.271851
03/14/2024 3:49,16.9627533,1295.270508
03/14/2024 3:48,16.95637321,1295.301636
03/14/2024 3:47,16.9622879,1295.356445
03/14/2024 3:46,16.95726776,1295.355713
03/14/2024 3:45,16.961483,1295.349609
03/14/2024 3:44,16.96055794,1295.387695
03/14/2024 3:43,16.96071625,1295.384644
03/14/2024 3:42,17.09383011,1295.429565
03/14/2024 3:41,17.100811,1295.437866
03/14/2024 3:40,17.09146881,1295.443848
03/14/2024 3:39,17.10216331,1295.472656
03/14/2024 3:38,16.95972252,1295.465454
03/14/2024 3:37,16.9542923,1295.513794
03/14/2024 3:36,16.96095276,1295.522339
03/14/2024 3:35,16.96549034,1295.519287
03/14/2024 3:34,16.95780945,1295.55957
03/14/2024 3:33,17.00582314,1295.596069
03/14/2024 3:32,16.96636772,1295.601807
03/14/2024 3:31,17.04598236,1295.596069
03/14/2024 3:30,16.95775032,1295.606812
03/14/2024 3:29,16.95523262,1295.630249
03/14/2024 3:28,16.97390556,1295.640381
03/14/2024 3:27,16.96017838,1295.682861
03/14/2024 3:26,16.96490288,1295.709473
03/14/2024 3:25,16.95711136,1295.725708
03/14/2024 3:24,16.96722412,1295.729492
03/14/2024 3:23,16.95935822,1295.741577
03/14/2024 3:22,16.9702301,1295.757568
03/14/2024 3:21,16.96339989,1295.801758
03/14/2024 3:20,17.07339478,1295.81543
03/14/2024 3:19,17.07108116,1295.810425
03/14/2024 3:18,17.09360123,1295.803833
03/14/2024 3:17,17.07655716,1295.842163
03/14/2024 3:16,17.08919716,1295.883911
03/14/2024 3:15,16.96083641,1295.887695
03/14/2024 3:14,16.95644379,1295.884888
03/14/2024 3:13,16.96271324,1295.93689
03/14/2024 3:12,16.95847511,1295.910278
03/14/2024 3:11,16.96061134,1295.929565
03/14/2024 3:10,16.96360397,1295.947266
03/14/2024 3:09,16.96864319,1295.968628
03/14/2024 3:08,17.02863121,1295.97644
03/14/2024 3:07,17.07725525,1295.977539
03/14/2024 3:06,17.09802246,1296.000732
03/14/2024 3:05,17.09829903,1296.042969
03/14/2024 3:04,17.1007576,1296.031616
03/14/2024 3:03,17.09888268,1296.03894
03/14/2024 3:02,17.09759521,1296.050049
03/14/2024 3:01,17.09501076,1296.072876
03/14/2024 3:00,16.96536827,1296.090942
03/14/2024 2:59,16.95763588,1296.064453
03/14/2024 2:58,16.9676857,1296.09436
03/14/2024 2:57,16.96191216,1296.11792
03/14/2024 2:56,16.97718811,1296.11377
03/14/2024 2:55,17.09126854,1296.134766
03/14/2024 2:54,17.09926414,1296.121826
03/14/2024 2:53,17.09280205,1296.135498
03/14/2024 2:52,17.10006905,1296.153687
03/14/2024 2:51,17.09996223,1296.165039
03/14/2024 2:50,17.09788704,1296.169189
03/14/2024 2:49,17.09638786,1296.163208
03/14/2024 2:48,17.09996796,1296.164917
03/14/2024 2:47,17.10511017,1296.211182
03/14/2024 2:46,17.09660721,1296.211182
03/14/2024 2:45,17.09694099,1296.206299
03/14/2024 2:44,17.09652328,1296.203003
03/14/2024 2:43,17.09712791,1296.229492
03/14/2024 2:42,17.06152534,1296.205444
03/14/2024 2:41,17.05443764,1296.242676
03/14/2024 2:40,16.95708466,1296.259644
03/14/2024 2:39,16.96392441,1296.252563
03/14/2024 2:38,16.95885849,1296.246704
03/14/2024 2:37,17.0981884,1296.274048
03/14/2024 2:36,17.09190369,1296.302002
03/14/2024 2:35,17.09536362,1296.299927
03/14/2024 2:34,16.95521355,1296.292236
03/14/2024 2:33,17.09050751,1296.305298
03/14/2024 2:32,16.96017647,1296.288452
03/14/2024 2:31,16.96136093,1296.273071
03/14/2024 2:30,17.09279251,1296.321655
03/14/2024 2:29,17.09468651,1296.315186
03/14/2024 2:28,17.09741402,1296.330322
03/14/2024 2:27,17.09860039,1296.306152
03/14/2024 2:26,17.10009575,1296.331055
03/14/2024 2:25,17.10608292,1296.349121
03/14/2024 2:24,17.09001732,1296.339233
03/14/2024 2:23,17.10276794,1296.331055
03/14/2024 2:22,17.09729576,1296.335327
03/14/2024 2:21,17.09901237,1296.348755
03/14/2024 2:20,17.1068821,1296.348389
03/14/2024 2:19,16.95365524,1296.342651
03/14/2024 2:18,17.09369469,1296.316162
03/14/2024 2:17,17.10573959,1296.34314
03/14/2024 2:16,17.04337502,1296.355469
03/14/2024 2:15,17.06204605,1296.337646
03/14/2024 2:14,17.09461212,1296.338745
03/14/2024 2:13,17.10635757,1296.34375
03/14/2024 2:12,16.9653511,1296.337524
03/14/2024 2:11,17.00228691,1296.287109
03/14/2024 2:10,17.08594513,1296.313965
03/14/2024 2:09,17.08156776,1296.281738
03/14/2024 2:08,17.09282684,1296.297363
03/14/2024 2:07,17.08847618,1296.274048
03/14/2024 2:06,17.10401154,1296.294067
03/14/2024 2:05,17.09760094,1296.301636
03/14/2024 2:04,17.10966682,1296.294434
03/14/2024 2:03,17.08892441,1296.258301
03/14/2024 2:02,17.09805298,1296.273926
03/14/2024 2:01,17.1030674,1296.257446
03/14/2024 2:00,16.96133423,1296.314453
03/14/2024 1:59,17.06838417,1296.303589
03/14/2024 1:58,17.1190033,1296.258179
03/14/2024 1:57,17.24193764,1296.251343
03/14/2024 1:56,17.1004467,1296.277222
03/14/2024 1:55,17.10241508,1296.264648
03/14/2024 1:54,17.10314941,1296.244141
03/14/2024 1:53,17.09848213,1296.246704
03/14/2024 1:52,17.10942078,1296.256836
03/14/2024 1:51,17.09949493,1296.240601
03/14/2024 1:50,17.09537315,1296.267822
03/14/2024 1:49,17.10663033,1296.233643
03/14/2024 1:48,17.0981369,1296.261353
03/14/2024 1:47,17.098526,1296.250244
03/14/2024 1:46,17.09019279,1296.221924
03/14/2024 1:45,17.10855103,1296.248779
03/14/2024 1:44,17.09895134,1296.225098
03/14/2024 1:43,17.22451591,1296.196655
03/14/2024 1:42,17.10043526,1296.259888
03/14/2024 1:41,17.10189819,1296.209961
03/14/2024 1:40,17.08798218,1296.250122
03/14/2024 1:39,17.09928703,1296.239258
03/14/2024 1:38,17.10509872,1296.256714
03/14/2024 1:37,17.08824348,1296.248291
03/14/2024 1:36,17.10503578,1296.244995
03/14/2024 1:35,17.11346436,1296.264648
03/14/2024 1:34,17.09407806,1296.255737
03/14/2024 1:33,17.10607147,1296.252441
03/14/2024 1:32,17.11342239,1296.241089
03/14/2024 1:31,17.10122108,1296.24646
03/14/2024 1:30,17.10601807,1296.260864
03/14/2024 1:29,17.14247131,1296.261719
03/14/2024 1:28,17.19444084,1296.24231
03/14/2024 1:27,17.11293411,1296.290771
03/14/2024 1:26,17.09518242,1296.295288
03/14/2024 1:25,17.0890007,1296.289551
03/14/2024 1:24,17.10863495,1296.286865
03/14/2024 1:23,17.10108376,1296.317139
03/14/2024 1:22,17.09611511,1296.32019
03/14/2024 1:21,17.10429382,1296.315186
03/14/2024 1:20,17.10271835,1296.3302
03/14/2024 1:19,17.09592247,1296.335815
03/14/2024 1:18,17.14501572,1296.33667
03/14/2024 1:17,17.10769463,1296.378906
03/14/2024 1:16,17.19238853,1296.383423
03/14/2024 1:15,17.15806007,1296.383667
03/14/2024 1:14,17.09945107,1296.414307
03/14/2024 1:13,17.10180283,1296.407471
03/14/2024 1:12,17.11735153,1296.419922
03/14/2024 1:11,17.09947968,1296.457397
03/14/2024 1:10,17.10922241,1296.431763
03/14/2024 1:09,17.1003437,1296.482544
03/14/2024 1:08,17.09358597,1296.501587
03/14/2024 1:07,17.08858871,1296.487671
03/14/2024 1:06,17.11194038,1296.538452
03/14/2024 1:05,17.11239815,1296.523315
03/14/2024 1:04,17.09377098,1296.581543
03/14/2024 1:03,17.09513283,1296.590454
03/14/2024 1:02,17.09901428,1296.622681
03/14/2024 1:01,17.23268127,1296.631104
03/14/2024 1:00,17.22215652,1296.624146
03/14/2024 0:59,17.23062897,1296.644043
03/14/2024 0:58,17.23502541,1296.650269
03/14/2024 0:57,17.23249817,1296.702515
03/14/2024 0:56,17.2298851,1296.721802
03/14/2024 0:55,17.11021233,1296.739746
03/14/2024 0:54,17.16883278,1296.753784
03/14/2024 0:53,17.10420609,1296.783203
03/14/2024 0:52,17.10515976,1296.793579
03/14/2024 0:51,17.09553909,1296.830322
03/14/2024 0:50,17.08669853,1296.834839
03/14/2024 0:49,17.10229301,1296.879028
03/14/2024 0:48,17.10499191,1296.878418
03/14/2024 0:47,17.10394096,1296.913696
03/14/2024 0:46,17.0965519,1296.897705
03/14/2024 0:45,17.10632896,1296.903564
03/14/2024 0:44,17.09861183,1296.949341
03/14/2024 0:43,17.0958004,1296.954224
03/14/2024 0:42,17.0933609,1297.000977
03/14/2024 0:41,17.21888542,1297.051147
03/14/2024 0:40,17.11226082,1297.026123
03/14/2024 0:39,17.07356453,1297.073486
03/14/2024 0:38,17.10161972,1297.087402
03/14/2024 0:37,17.08608246,1297.076294
03/14/2024 0:36,17.10147858,1297.124756
03/14/2024 0:35,17.10550308,1297.168457
03/14/2024 0:34,17.08577919,1297.16333
03/14/2024 0:33,17.10198402,1297.163086
03/14/2024 0:32,17.1047039,1297.218018
03/14/2024 0:31,17.10840034,1297.21106
03/14/2024 0:30,17.09451866,1297.260254
03/14/2024 0:29,17.10053825,1297.249756
03/14/2024 0:28,17.11047554,1297.28833
03/14/2024 0:27,17.09588623,1297.285767
03/14/2024 0:26,17.1283226,1297.315674
03/14/2024 0:25,17.11284256,1297.331177
03/14/2024 0:24,17.1018219,1297.356567
03/14/2024 0:23,17.13145256,1297.37085
03/14/2024 0:22,17.18025589,1297.373901
03/14/2024 0:21,17.08988953,1297.404541
03/14/2024 0:20,17.20964432,1297.447876
03/14/2024 0:19,17.09231949,1297.469727
03/14/2024 0:18,17.10146904,1297.51709
03/14/2024 0:17,17.22379875,1297.480835
03/14/2024 0:16,17.22977829,1297.494019
03/14/2024 0:15,17.20093155,1297.533203
03/14/2024 0:14,17.16093254,1297.537964
03/14/2024 0:13,17.21046448,1297.573975
03/14/2024 0:12,17.23326302,1297.561401
03/14/2024 0:11,17.22672653,1297.615967
03/14/2024 0:10,17.23979378,1297.605835
03/14/2024 0:09,17.22796249,1297.649292
03/14/2024 0:08,17.24252892,1297.665161
03/14/2024 0:07,17.23968506,1297.652954
03/14/2024 0:06,17.22748756,1297.710571
03/14/2024 0:05,17.23514748,1297.740479
03/14/2024 0:04,17.2350235,1297.745361
03/14/2024 0:03,17.08611298,1297.74231
03/14/2024 0:02,17.09278488,1297.778809
03/14/2024 0:01,17.1208744,1297.784424
03/14/2024 0:00,17.10372925,1297.811157
03/13/2024 23:59,17.09875488,1297.821045
03/13/2024 23:58,17.09682846,1297.854858
03/13/2024 23:57,17.10396385,1297.864868
03/13/2024 23:56,17.24301338,1297.864136
03/13/2024 23:55,17.22773552,1297.879028
03/13/2024 23:54,17.19313622,1297.901611
03/13/2024 23:53,17.24042511,1297.923096
03/13/2024 23:52,17.24935341,1297.912476
03/13/2024 23:51,17.25086975,1297.9552
03/13/2024 23:50,17.24354553,1297.961792
03/13/2024 23:49,17.24262047,1297.938599
03/13/2024 23:48,17.10861778,1297.980957
03/13/2024 23:47,17.11902237,1297.987549
03/13/2024 23:46,17.2366848,1297.982178
03/13/2024 23:45,17.23631859,1298.032227
03/13/2024 23:44,17.24050903,1298.022583
03/13/2024 23:43,17.25765991,1298.021484
03/13/2024 23:42,17.25289154,1298.028442
03/13/2024 23:41,17.0988121,1298.07373
03/13/2024 23:40,17.10547638,1298.076172
03/13/2024 23:39,17.24895859,1298.087158
03/13/2024 23:38,17.24946213,1298.067505
03/13/2024 23:37,17.24528694,1298.071899
03/13/2024 23:36,17.24621391,1298.112061
03/13/2024 23:35,17.28521919,1298.107178
03/13/2024 23:34,17.46537781,1298.117065
03/13/2024 23:33,17.26013947,1298.104248
03/13/2024 23:32,17.24159241,1298.108765
03/13/2024 23:31,17.23329353,1298.15625
03/13/2024 23:30,17.25402641,1298.135254
03/13/2024 23:29,17.2390995,1298.14978
03/13/2024 23:28,17.22697067,1298.157349
03/13/2024 23:27,17.24923134,1298.155151
03/13/2024 23:26,17.35210419,1298.146851
03/13/2024 23:25,17.24935913,1298.18811
03/13/2024 23:24,17.22968674,1298.199219
03/13/2024 23:23,17.23775482,1298.190308
03/13/2024 23:22,17.23537445,1298.197998
03/13/2024 23:21,17.24037743,1298.203857
03/13/2024 23:20,17.24897003,1298.18103
03/13/2024 23:19,17.24063492,1298.20166
03/13/2024 23:18,17.26075554,1298.200317
03/13/2024 23:17,17.19811058,1298.216431
03/13/2024 23:16,17.21423531,1298.199341
03/13/2024 23:15,17.2178154,1298.205444
03/13/2024 23:14,17.26819992,1298.239136
03/13/2024 23:13,17.29597282,1298.233643
03/13/2024 23:12,17.22902298,1298.23999
03/13/2024 23:11,17.24533272,1298.226074
03/13/2024 23:10,17.24775887,1298.25647
03/13/2024 23:09,17.24372101,1298.228271
03/13/2024 23:08,17.33599854,1298.239868
03/13/2024 23:07,17.36473274,1298.278076
03/13/2024 23:06,17.31438255,1298.267456
03/13/2024 23:05,17.36993408,1298.27002
03/13/2024 23:04,17.25665474,1298.2771
03/13/2024 23:03,17.24524879,1298.280396
03/13/2024 23:02,17.37928009,1298.272827
03/13/2024 23:01,17.30621719,1298.266602
03/13/2024 23:00,17.23844337,1298.284668
03/13/2024 22:59,17.2431736,1298.276978
03/13/2024 22:58,17.24648094,1298.283691
03/13/2024 22:57,17.2503376,1298.316284
03/13/2024 22:56,17.24168777,1298.294067
03/13/2024 22:55,17.24269295,1298.321411
03/13/2024 22:54,17.24015427,1298.318359
03/13/2024 22:53,17.24441528,1298.316406
03/13/2024 22:52,17.23747635,1298.313843
03/13/2024 22:51,17.24343681,1298.310425
03/13/2024 22:50,17.23713493,1298.310547
03/13/2024 22:49,17.23919296,1298.321777
03/13/2024 22:48,17.22756767,1298.312256
03/13/2024 22:47,17.23538971,1298.30542
03/13/2024 22:46,17.23038864,1298.305298
03/13/2024 22:45,17.24741936,1298.351563
03/13/2024 22:44,17.24539757,1298.310669
03/13/2024 22:43,17.43283272,1298.318848
03/13/2024 22:42,17.46467972,1298.318115
03/13/2024 22:41,17.46111488,1298.303467
03/13/2024 22:40,17.45995522,1298.353271
03/13/2024 22:39,17.23429298,1298.319214
03/13/2024 22:38,17.24028397,1298.353394
03/13/2024 22:37,17.24835396,1298.335449
03/13/2024 22:36,17.24473953,1298.348755
